{
    "Addon": {
        "EnchantSetting": {
            "amplifier": 1
        },
        "PackResourceSortData": {
            "1_minecraft:player": {
                "createTime": 1702544472.3008745,
                "modifyTime": 1702544553.8675582
            },
            "1_tklyn:big_light": {
                "createTime": 1702793858.9711194,
                "modifyTime": 1702795395.5453248
            },
            "1_tklyn:fo_light": {
                "createTime": 1702793785.0344734,
                "modifyTime": 1702795397.9442744
            },
            "1_zcvss:fly_yi": {
                "createTime": 1702793603.1811266,
                "modifyTime": 1702795400.856764
            },
            "1_zcvss:mpad": {
                "createTime": 1702793302.9172442,
                "modifyTime": 1702795405.1866364
            },
            "2_zcvss:Y_food": {
                "createTime": 1702791061.126879,
                "modifyTime": 1702795374.418795
            },
            "2_zcvss:barrel_item": {
                "createTime": 1702794939.039886,
                "modifyTime": 1702991378.5088458
            },
            "2_zcvss:fly_yi": {
                "createTime": 1702791453.8432837,
                "modifyTime": 1702795379.566875
            },
            "2_zcvss:item": {
                "createTime": 1702794917.9443297,
                "modifyTime": 1702794921.7420866
            },
            "2_zcvss:mpad": {
                "createTime": 1702791229.161016,
                "modifyTime": 1702795382.6152942
            },
            "2_zcvss:speedbiao": {
                "createTime": 1702790833.637398,
                "modifyTime": 1702795386.6401613
            }
        },
        "PlayerEffectSetting": {
            "amplifier": 1,
            "duration": 10
        },
        "PresetInstanceTreeData": [

        ]
    },
    "UI": {
        "customPrefabGroupExpand": [

        ],
        "expandData": {
            "prefab": {

            },
            "screen": {
                "D:\\MCStudioDownload\\work\\hello_luckyhuang@163.com\\Cpp\\AddOn\\642ba5f7d7214681b76d8a127425b018\\resource_pack_BryQJHR2\\ui\\barrelSetting.json": [
                    "/main",
                    "/main/setting_title",
                    "/main/setting_title/barrel_setting_panel",
                    "/main/setting_title/barrel_setting_panel/image_bg",
                    "/main/setting_title/barrel_setting_panel/linmin_icon_image",
                    "/main/setting_title/barrel_setting_panel/strength_icon_image",
                    "/main/setting_title/barrel_setting_panel/linmin_slider/slider_bar_default/sizing_panel",
                    "/main/setting_title/barrel_setting_panel/linmin_num",
                    "/main/setting_title/barrel_setting_panel/streng_num",
                    "/main/setting_title/barrel_setting_panel/Y_overturn_label",
                    "/main/setting_title/barrel_setting_panel/Y_overturn_switch_toggle/this_toggle",
                    "/main/setting_title/barrel_setting_panel/Y_overturn_switch_toggle/this_toggle/unchecked",
                    "/main/setting_title/barrel_setting_panel/Y_overturn_switch_toggle/this_toggle/unchecked/button_content",
                    "/main/setting_title/barrel_setting_panel/Y_overturn_switch_toggle/this_toggle/unchecked/button_content/common_buttons.button_content_panel",
                    "/main/setting_title/barrel_setting_panel/Y_overturn_switch_toggle/this_toggle/unchecked/button_content/common_buttons.button_content_panel/content",
                    "/main/setting_title/image_bg",
                    "/main/setting_title/lisence_button"
                ],
                "D:\\MCStudioDownload\\work\\hello_luckyhuang@163.com\\Cpp\\AddOn\\642ba5f7d7214681b76d8a127425b018\\resource_pack_BryQJHR2\\ui\\barrelSwitch.json": [
                    "/main",
                    "/main/SwitchPanel",
                    "/main/SettingPanel"
                ],
                "D:\\MCStudioDownload\\work\\hello_luckyhuang@163.com\\Cpp\\AddOn\\642ba5f7d7214681b76d8a127425b018\\resource_pack_BryQJHR2\\ui\\elytraShow.json": [
                    "/main",
                    "/main/setting_title",
                    "/main/setting_title/flyshow_setting_panel/angleshow_label",
                    "/main/setting_title/flyshow_setting_panel/angle_switch/this_toggle",
                    "/main/setting_title/flyshow_setting_panel/angle_switch/this_toggle/unchecked",
                    "/main/setting_title/flyshow_setting_panel/angle_switch/this_toggle/unchecked/button_content",
                    "/main/setting_title/flyshow_setting_panel/angle_switch/this_toggle/unchecked/button_content/common_buttons.button_content_panel",
                    "/main/setting_title/flyshow_setting_panel/angle_switch/this_toggle/unchecked/button_content/common_buttons.button_content_panel/content",
                    "/main/setting_title/flyshow_setting_panel/HUDshow_label",
                    "/main/setting_title/flyshow_setting_panel/HUD_switch/this_toggle",
                    "/main/setting_title/flyshow_setting_panel/HUD_switch/this_toggle/unchecked",
                    "/main/setting_title/flyshow_setting_panel/HUD_switch/this_toggle/unchecked/button_content",
                    "/main/setting_title/flyshow_setting_panel/HUD_switch/this_toggle/unchecked/button_content/common_buttons.button_content_panel",
                    "/main/setting_title/flyshow_setting_panel/HUD_switch/this_toggle/unchecked/button_content/common_buttons.button_content_panel/content",
                    "/main/setting_title/flyshow_setting_panel/naijiushow_label",
                    "/main/setting_title/flyshow_setting_panel/speedshow_label",
                    "/main/setting_title/flyshow_setting_panel/directionshow_label",
                    "/main/setting_title/flyshow_setting_panel/mapshow_label",
                    "/main/setting_title/flyshow_setting_panel/HUD_switch_label",
                    "/main/setting_title/flyshow_setting_panel/use_HUD_switch/this_toggle",
                    "/main/setting_title/flyshow_setting_panel/use_HUD_switch/this_toggle/unchecked",
                    "/main/setting_title/flyshow_setting_panel/use_HUD_switch/this_toggle/unchecked/button_content",
                    "/main/setting_title/flyshow_setting_panel/use_HUD_switch/this_toggle/unchecked/button_content/common_buttons.button_content_panel",
                    "/main/setting_title/flyshow_setting_panel/use_HUD_switch/this_toggle/unchecked/button_content/common_buttons.button_content_panel/content"
                ],
                "D:\\MCStudioDownload\\work\\hello_luckyhuang@163.com\\Cpp\\AddOn\\642ba5f7d7214681b76d8a127425b018\\resource_pack_BryQJHR2\\ui\\fly_HUD.json": [
                    "/main",
                    "/main/flyMapPanel",
                    "/main/flyMapPanel/map_title",
                    "/main/attitude_angle_label",
                    "/main/direction_label",
                    "/main/speed_panel/speed_label",
                    "/main/HUD_panel/roll_HUD"
                ]
            }
        }
    }
}